fid,Zonizzazione,classificazione,etichetta_studio,superfici km2,ID,Macro_aree,etichetta_macroarea
1,Formazioni boschive,C1,C1,301398.714966727,1,Formazioni boschive: Macchia; Gariga; Prateria,C
11,Formazioni boschive,C2,C2,1972.31438788772,11,Formazioni boschive: Macchia; Gariga; Prateria,C
41,Formazioni boschive,C1,C1,20055.9211643059,41,Formazioni boschive: Macchia; Gariga; Prateria,C
43,Aree agricole,B3,B3,10737.6121379118,43,Aree agricole,B
49,Formazioni boschive,C3,C3,9274.7637048699,49,Formazioni boschive: Macchia; Gariga; Prateria,C
54,Formazioni boschive,C4,C4,10056.3912069472,54,Formazioni boschive: Macchia; Gariga; Prateria,C
55,Formazioni boschive,C3,C3,5976.98745685816,55,Formazioni boschive: Macchia; Gariga; Prateria,C
60,Aree agricole,B3,B3,4087.54563415423,60,Aree agricole,B
68,Formazioni boschive,C4,C4,4056.085092191,68,Formazioni boschive: Macchia; Gariga; Prateria,C
80,Aree agricole,B3,B3,54951.8735044561,80,Aree agricole,B
84,Parco multifunzionale,PM2,PM2,34152.3291458376,84,Parco nel Parco ex area Nomadi e aree adiacenti,PM
92,Formazioni boschive,C1,C1,2760.82713377476,92,Formazioni boschive: Macchia; Gariga; Prateria,C
93,Formazioni boschive,C1,C1,15332.9591307524,93,Formazioni boschive: Macchia; Gariga; Prateria,C
97,Formazioni boschive,C1,C1,14052.6999440004,97,Formazioni boschive: Macchia; Gariga; Prateria,C
103,Vivaio comunale,G,G,4268.38855553395,103,Vivaio comunale,G
104,Vivaio comunale,G,G,12004.2675118445,104,Vivaio comunale,G
109,Aree agricole,B3,B3,17262.9596806988,109,Aree agricole,B
110,Formazioni boschive,A3,A3,545.11987131089,110,Giardini ornamentali,A
115,Formazioni boschive,C2,C2,3450.11219005659,115,Formazioni boschive: Macchia; Gariga; Prateria,C
117,Parco multifunzionale,PM4,PM4,18379.1904020011,117,Parco nel Parco ex area Nomadi e aree adiacenti,PM
120,Formazioni boschive,C2,C2,7308.83142714202,120,Formazioni boschive: Macchia; Gariga; Prateria,C
121,Giardini ornamentali,A1,A1,4750.01781724207,121,Giardini ornamentali,A
122,Formazioni boschive,C3,C3,1798.80093711661,122,Formazioni boschive: Macchia; Gariga; Prateria,C
123,Formazioni boschive,C3,C3,11232.0758956651,123,Formazioni boschive: Macchia; Gariga; Prateria,C
125,Giardini ornamentali,A3,A3,9686.64444188774,125,Giardini ornamentali,A
126,Aree agricole,B3,B3,10435.7720827591,126,Aree agricole,B
131,Impianti sportivi,F,F,14663.5930534136,131,Campi Malvagno e aree per attività sportive,F
132,Formazioni boschive,C4,C4,1985.9825130105,132,Formazioni boschive: Macchia; Gariga; Prateria,C
135,Edifici storici,,E1,295.933626157232,135,Costruito,E
136,Edifici storici,,E1,1134.75073445588,136,Costruito,E
137,Edifici storici,,E1,23.0090604349971,137,Costruito,E
138,Edifici storici,,E1,18.1808830397204,138,Costruito,E
139,Edifici storici,,E1,268.637244448066,139,Costruito,E
140,Edifici storici,,E1,363.875552114099,140,Costruito,E
141,Edifici storici,,E1,6.12192740756291,141,Costruito,E
142,Edifici storici,,E1,6.12192741058243,142,Costruito,E
143,Edifici storici,,E1,13.1306378822774,143,Costruito,E
144,Edifici storici,,E1,9.52741334587336,144,Costruito,E
145,Edifici storici,,E1,9.77813477069139,145,Costruito,E
146,Edifici storici,,E1,579.019609192386,146,Costruito,E
147,Edifici storici,,E1,20.3299236427993,147,Costruito,E
148,Edifici storici,,E1,609.561886934986,148,Costruito,E
149,Edifici storici,,E1,151.077543336898,149,Costruito,E
150,Edifici storici,,E1,63.1817904040217,150,Costruito,E
151,Edifici storici,,E1,57.3650582823902,151,Costruito,E
152,Edifici storici,,E1,3.95423482498154,152,Costruito,E
153,Edifici storici,,E1,4.11899460060522,153,Costruito,E
154,Edifici storici,,E1,1.62464429097417,154,Costruito,E
155,Edifici storici,,E1,3.51350327729961,155,Costruito,E
156,Edifici storici,,E1,587.458954813017,156,Costruito,E
157,Edifici storici,,E1,14.1693402696401,157,Costruito,E
158,Edifici storici,,E1,2.96925786603242,158,Costruito,E
159,Edifici storici,,E1,2.96925786975771,159,Costruito,E
160,Edifici storici,,E1,186.547473326325,160,Costruito,E
161,Edifici storici,,E1,369.312634583563,161,Costruito,E
162,Edifici storici,,E1,236.433870712295,162,Costruito,E
163,Edifici storici,,E1,506.467994101346,163,Costruito,E
164,Edifici storici,,E1,213.704184159636,164,Costruito,E
165,Edifici storici,,E1,23.8686781916767,165,Costruito,E
166,Edifici storici,,E1,52.2754143085331,166,Costruito,E
167,Edifici storici,,E1,744.961372487247,167,Costruito,E
168,Edifici storici,,E1,210.885362626985,168,Costruito,E
169,Edifici storici,,E1,422.404688421637,169,Costruito,E
170,Edifici storici,,E1,41.4657397791743,170,Costruito,E
171,Edifici storici,,E1,1524.74434661865,171,Costruito,E
172,Edifici storici,,E1,38.8367468584329,172,Costruito,E
173,Edifici storici,,E1,69.1525459419936,173,Costruito,E
174,Edifici storici,,E1,233.371490243822,174,Costruito,E
175,Edifici storici,,E1,232.08922977373,175,Costruito,E
176,Edifici da riconvertire,,E2,8.1233728164807,176,Costruito,E
177,Edifici da riconvertire,,E2,31.9920500013977,177,Costruito,E
178,Edifici da riconvertire,,E2,379.176705159247,178,Costruito,E
179,Edifici da riconvertire,,E2,36.4047461263835,179,Costruito,E
180,Edifici da riconvertire,,E2,59.3493355270475,180,Costruito,E
181,Edifici da riconvertire,,E2,333.22305908706,181,Costruito,E
182,Edifici da riconvertire,,E2,22.5577620593831,182,Costruito,E
183,Edifici da riconvertire,,E2,254.449978254735,183,Costruito,E
184,Edifici da riconvertire,,E2,120.43580955267,184,Costruito,E
185,Edifici da riconvertire,,E2,41.1541250399314,185,Costruito,E
186,Edifici da riconvertire,,E2,54.18089213036,186,Costruito,E
187,Edifici da riconvertire,,E2,20.4302114211023,187,Costruito,E
188,Edifici storici,,E1,354.233504682779,188,Costruito,E
189,Edifici da riconvertire,,E2,43.13124153018,189,Costruito,E
190,Edifici da riconvertire,,E2,97.3694384358823,190,Costruito,E
191,Edifici da riconvertire,,E2,101.753482408822,191,Costruito,E
192,Edifici da riconvertire,,E2,12.7867906335741,192,Costruito,E
193,Edifici da riconvertire,,E2,5.47346536279656,193,Costruito,E
194,Edifici da riconvertire,,E2,6.52295906189829,194,Costruito,E
195,Edifici da riconvertire,,E2,125.496798336506,195,Costruito,E
196,Edifici da riconvertire,,E2,45.330426082015,196,Costruito,E
197,Edifici da riconvertire,,E2,12.7653001043946,197,Costruito,E
198,Edifici da demolire,,E3,33.4820574149489,198,Costruito,E
199,Edifici da demolire,,E3,25.7598328478634,199,Costruito,E
200,Edifici da demolire,,E3,41.3045597970486,200,Costruito,E
201,Edifici da demolire,,E3,14.2696306183934,201,Costruito,E
202,Edifici da demolire,,E3,14.2696306072176,202,Costruito,E
203,Edifici da demolire,,E3,66.6954729864374,203,Costruito,E
204,Edifici da demolire,,E3,310.400626987219,204,Costruito,E
205,Edifici da demolire,,E3,22.6938678473234,205,Costruito,E
206,Edifici da demolire,,E3,54.2238771225093,206,Costruito,E
207,Edifici da demolire,,E3,72.6590638868511,207,Costruito,E
208,Edifici da demolire,,E3,8.30962380953133,208,Costruito,E
209,Edifici da demolire,,E3,18.1343212937936,209,Costruito,E
210,Edifici da demolire,,E3,169.799282580498,210,Costruito,E
211,Edifici da demolire,,E3,32.5436387360096,211,Costruito,E
212,Edifici da demolire,,E3,21.5118964668363,212,Costruito,E
213,Edifici da demolire,,E3,398.639844126999,213,Costruito,E
214,Edifici da demolire,,E3,38.0523460600525,214,Costruito,E
215,Edifici da demolire,,E3,35.810180705972,215,Costruito,E
216,Edifici da demolire,,E3,21.182377374731,216,Costruito,E
217,Edifici da demolire,,E3,46.229448184371,217,Costruito,E
218,Edifici da demolire,,E3,27.951856745407,218,Costruito,E
219,Edifici da demolire,,E3,6.72649761103094,219,Costruito,E
220,Edifici da demolire,,E3,321.805169928819,220,Costruito,E
221,Edifici da demolire,,E3,149.025529878214,221,Costruito,E
222,Edifici da demolire,,E3,169.419621463865,222,Costruito,E
223,Edifici da demolire,,E3,64.761341072619,223,Costruito,E
224,Edifici da demolire,,E3,58.1208046618849,224,Costruito,E
225,Edifici da demolire,,E3,56.6809473256581,225,Costruito,E
226,Edifici da demolire,,E3,41.6842250451446,226,Costruito,E
227,Edifici da demolire,,E3,32.4576773394365,227,Costruito,E
228,Edifici da demolire,,E3,54.5068345405161,228,Costruito,E
230,Edifici da demolire,,E3,74.1025038100779,230,Costruito,E
231,Edifici da demolire,,E3,18.8255949942395,231,Costruito,E
232,Edifici da demolire,,E3,44.0839929599315,232,Costruito,E
233,Edifici da demolire,,E3,26.0571213085204,233,Costruito,E
234,Edifici da demolire,,E3,82.1327624507248,234,Costruito,E
235,Edifici da demolire,,E3,113.290274202824,235,Costruito,E
236,Edifici da demolire,,E3,28.6896966146305,236,Costruito,E
237,Edifici da demolire,,E3,21.9202161738649,237,Costruito,E
238,Edifici da demolire,,E3,52.5225582309067,238,Costruito,E
239,Edifici da demolire,,E3,37.0208108797669,239,Costruito,E
240,Edifici da demolire,,E3,45.1038285978138,240,Costruito,E
241,Edifici da demolire,,E3,30.1725343726575,241,Costruito,E
244,Edifici da riconvertire,,E2,65.1159309800714,244,Costruito,E
245,Edifici da riconvertire,,E2,84.2997024171054,245,Costruito,E
246,Edifici da riconvertire,,E2,60.7641248945147,246,Costruito,E
247,Edifici da riconvertire,,E2,17.3284305837005,247,Costruito,E
248,Edifici da riconvertire,,E2,63.7297995537519,248,Costruito,E
249,Edifici da riconvertire,,E2,19.2267500776798,249,Costruito,E
250,Edifici da riconvertire,,E2,25.4410598762333,250,Costruito,E
251,Edifici da riconvertire,,E2,72.5981755601242,251,Costruito,E
252,Edifici da riconvertire,,E2,17.3427581507713,252,Costruito,E
253,Edifici da riconvertire,,E2,34.9004207029939,253,Costruito,E
254,Edifici da riconvertire,,E2,39.1985026132315,254,Costruito,E
255,Edifici da riconvertire,,E2,44.4421614240855,255,Costruito,E
256,Edifici da riconvertire,,E2,38.2242702888325,256,Costruito,E
257,Edifici da riconvertire,,E2,43.6541805895977,257,Costruito,E
258,Edifici da riconvertire,,E2,63.7692025229335,258,Costruito,E
259,Edifici da riconvertire,,E2,20.007569603622,259,Costruito,E
261,Edifici da riconvertire,,E2,9.13342346437275,261,Costruito,E
262,Edifici da riconvertire,,E2,28.3100287131965,262,Costruito,E
263,Edifici da riconvertire,,E2,35.079505905509,263,Costruito,E
264,Edifici da riconvertire,,E2,7.75803674012423,264,Costruito,E
265,Edifici da riconvertire,,E2,51.6020478866994,265,Costruito,E
266,Edifici da riconvertire,,E2,18.997520878911,266,Costruito,E
267,Edifici da riconvertire,,E2,105.073766661808,267,Costruito,E
268,Edifici da riconvertire,,E2,38.1956184282899,268,Costruito,E
269,Edifici da riconvertire,,E2,42.357593011111,269,Costruito,E
270,Parco multifunzionale,PM2,PM2,11622.3692940772,270,Parco nel Parco ex area Nomadi e aree adiacenti,PM
271,Edifici da riconvertire,,E2,53.0949043352157,271,Costruito,E
272,Edifici da riconvertire,,E2,147.88266041223,272,Costruito,E
273,Edifici da riconvertire,,E2,95.7075314410031,273,Costruito,E
274,Edifici da riconvertire,,E2,15.8599207834341,274,Costruito,E
275,Edifici da riconvertire,,E2,20.6379553694278,275,Costruito,E
277,Edifici da riconvertire,,E2,17.0741298338398,277,Costruito,E
536,Edifici da riconvertire,,E2,34.3273515570909,536,Costruito,E
538,Edifici da riconvertire,,E2,41.2508457303047,538,Costruito,E
539,Edifici da riconvertire,,E2,80.6105371098965,539,Costruito,E
540,Edifici da riconvertire,,E2,63.9124408252537,540,Costruito,E
541,Edifici da riconvertire,,E2,42.5294907735661,541,Costruito,E
545,Edifici da riconvertire,,E2,34.3273515570909,545,Costruito,E
547,Edifici da demolire,,E3,112.086764441803,547,Costruito,E
548,Edifici da demolire,,E3,19.4094144916162,548,Costruito,E
549,Edifici da demolire,,E3,312.119567073882,549,Costruito,E
550,Edifici da demolire,,E3,339.161406556144,550,Costruito,E
551,Edifici da demolire,,E3,475.475374191999,551,Costruito,E
552,Edifici storici,,E1,1138.22286509722,552,Costruito,E
553,Edifici storici,,E1,9.25520302169025,553,Costruito,E
554,Edifici storici,,E1,18.0519439680502,554,Costruito,E
555,Edifici storici,,E1,9.25520302634686,555,Costruito,E
556,Edifici storici,,E1,773.321181400679,556,Costruito,E
557,Edifici storici,,E1,9.73156665731221,557,Costruito,E
558,Edifici storici,,E1,140.385997928679,558,Costruito,E
559,Edifici storici,,E1,83.3254231358878,559,Costruito,E
560,Edifici storici,,E1,60.0907241348177,560,Costruito,E
561,Edifici storici,,E1,118.906354734674,561,Costruito,E
562,Edifici storici,,E1,114.95616149198,562,Costruito,E
563,Edifici storici,,E1,230.523872212507,563,Costruito,E
564,Edifici storici,,E1,114.956158152869,564,Costruito,E
565,Edifici storici,,E1,6.12192741058243,565,Costruito,E
566,Edifici storici,,E1,6.12192740756291,566,Costruito,E
567,Formazioni boschive,C3,C3,3916.30764222145,567,Formazioni boschive: Macchia; Gariga; Prateria,C
570,Edifici storici,,E1,20.9179862365272,570,Costruito,E
571,Edifici storici,,E1,57.3460028324625,571,Costruito,E
572,Edifici storici,,E1,69.2456631436944,572,Costruito,E
573,Edifici storici,,E1,113.791693598032,573,Costruito,E
574,Edifici storici,,E1,41.1541243735701,574,Costruito,E
575,Edifici storici,,E1,258.264515949413,575,Costruito,E
576,Edifici storici,,E1,57.3460017431062,576,Costruito,E
577,Edifici storici,,E1,653.19730240386,577,Costruito,E
580,Formazioni boschive,C1,C1,1582.92293505371,580,Formazioni boschive: Macchia; Gariga; Prateria,C
606,Edifici da riconvertire,,E2,211.100295064971,606,Costruito,E
607,Edifici da riconvertire,,E2,27.0420986823738,607,Costruito,E
608,Edifici da riconvertire,,E2,25.2727216854692,608,Costruito,E
609,Edifici da riconvertire,,E2,87.2438992727548,609,Costruito,E
610,Edifici da riconvertire,,E2,16.7231204072013,610,Costruito,E
611,Edifici da riconvertire,,E2,20.663028832525,611,Costruito,E
612,Edifici da riconvertire,,E2,182.722208164632,612,Costruito,E
613,Edifici da riconvertire,,E2,40.4377875793725,613,Costruito,E
614,Edifici da riconvertire,,E2,109.966426401399,614,Costruito,E
662,Formazioni boschive,C1,C1,822.692396295723,662,Formazioni boschive: Macchia; Gariga; Prateria,C
663,Formazioni boschive,C1,C1,1097.24093508162,663,Formazioni boschive: Macchia; Gariga; Prateria,C
672,Formazioni boschive,C1,C1,323.827284673607,672,Formazioni boschive: Macchia; Gariga; Prateria,C
674,Formazioni boschive,C1,C1,72.6189005579217,674,Formazioni boschive: Macchia; Gariga; Prateria,C
675,Formazioni boschive,C1,C1,928.034767646939,675,Formazioni boschive: Macchia; Gariga; Prateria,C
676,Formazioni boschive,C1,C1,493.337448403239,676,Formazioni boschive: Macchia; Gariga; Prateria,C
736,Formazioni boschive,C1,C1,15224.8636762279,736,Formazioni boschive: Macchia; Gariga; Prateria,C
737,Formazioni boschive,C1,C1,14071.7286016754,737,Formazioni boschive: Macchia; Gariga; Prateria,C
738,Edifici da riconvertire,,E2,36.3546793255955,738,Costruito,E
739,Edifici da riconvertire,,E2,49.0412088152952,739,Costruito,E
740,Edifici da riconvertire,,E2,26.1753691658378,740,Costruito,E
741,Edifici da riconvertire,,E2,422.265864351415,741,Costruito,E
742,Edifici da riconvertire,,E2,253.615973804146,742,Costruito,E
743,Edifici da riconvertire,,E2,172.353416041355,743,Costruito,E
796,Formazioni boschive,C1,C1,313.131355743855,796,Formazioni boschive: Macchia; Gariga; Prateria,C
799,Formazioni boschive,C1,C1,96.4274669918814,799,Formazioni boschive: Macchia; Gariga; Prateria,C
800,Formazioni boschive,C1,C1,318.379932254553,800,Formazioni boschive: Macchia; Gariga; Prateria,C
805,Aree archeologiche,,E0,255.046623680217,805,Costruito,E
806,Formazioni boschive,C1,C1,11832.9742103741,806,Formazioni boschive: Macchia; Gariga; Prateria,C
807,Formazioni boschive,C1,C1,10007.3533927985,807,Formazioni boschive: Macchia; Gariga; Prateria,C
813,Formazioni boschive,C1,C1,1866.0635689199,813,Formazioni boschive: Macchia; Gariga; Prateria,C
842,Formazioni boschive,C1,C1,1751.20134333894,842,Formazioni boschive: Macchia; Gariga; Prateria,C
843,Formazioni boschive,C1,C1,1137.56596975029,843,Formazioni boschive: Macchia; Gariga; Prateria,C
844,Formazioni boschive,C1,C1,557.167719140474,844,Formazioni boschive: Macchia; Gariga; Prateria,C
852,Formazioni boschive,C1,C1,78.5578209012747,852,Formazioni boschive: Macchia; Gariga; Prateria,C
853,Formazioni boschive,C1,C1,367.603042387404,853,Formazioni boschive: Macchia; Gariga; Prateria,C
1138,Vivaio comunale,G,G,6901.99784448557,1138,Vivaio comunale,G
1139,Formazioni boschive,C1,C1,11243.8804071581,1139,Formazioni boschive: Macchia; Gariga; Prateria,C
1141,Giardini ornamentali,A3,A3,9881.14048422215,1141,Giardini ornamentali,A
1143,Formazioni boschive,C4,C4,6434.88924477994,1143,Formazioni boschive: Macchia; Gariga; Prateria,C
1144,Formazioni boschive,C4,C4,6895.88346330309,1144,Formazioni boschive: Macchia; Gariga; Prateria,C
1145,Formazioni boschive,C4,C4,284.846440417226,1145,Formazioni boschive: Macchia; Gariga; Prateria,C
1148,Formazioni boschive,C1,C1,4602.10998068366,1148,Formazioni boschive: Macchia; Gariga; Prateria,C
1151,Parco multifunzionale,PM1,PM1,45710.061575437,1151,Parco nel Parco ex area Nomadi e aree adiacenti,PM
1153,Aree agricole,B3,B3,22821.4956315392,1153,Aree agricole,B
1154,Formazioni boschive,C1,C1,22376.9309279662,1154,Formazioni boschive: Macchia; Gariga; Prateria,C
1155,Formazioni boschive,C1,C1,28370.6407840429,1155,Formazioni boschive: Macchia; Gariga; Prateria,C
1157,Parco multifunzionale,B3,B3,48821.9487290848,1157,Parco nel Parco ex area Nomadi e aree adiacenti,PM
1158,Giardini ornamentali,A2,A2,28963.395919621,1158,Giardini ornamentali,A
1159,Formazioni boschive,C1,C1,2362.31805512999,1159,Formazioni boschive: Macchia; Gariga; Prateria,C
1161,Formazioni boschive,C4,C4,12701.9911600947,1161,Formazioni boschive: Macchia; Gariga; Prateria,C
1162,Aree agricole,B3,B3,40418.4359128656,1162,Aree agricole,B
1164,Formazioni boschive,C4,C4,46861.9529938698,1164,Formazioni boschive: Macchia; Gariga; Prateria,C
1165,Formazioni boschive,C3,C3,57414.9027286004,1165,Formazioni boschive: Macchia; Gariga; Prateria,C
1166,Aree agricole,B4,B4,38091.4335750546,1166,Aree agricole,B
1167,Formazioni boschive,C1,C1,5539.56720726925,1167,Formazioni boschive: Macchia; Gariga; Prateria,C
1168,Formazioni boschive,C3,C3,15995.5682405857,1168,Formazioni boschive: Macchia; Gariga; Prateria,C
1169,Parco multifunzionale,PM2,PM2,83813.6992598351,1169,Parco nel Parco ex area Nomadi e aree adiacenti,PM
1173,Giardini ornamentali,A1,A1,32781.5104187023,1173,Giardini ornamentali,A
1174,Giardini ornamentali,A1,A1,27798.3469562761,1174,Giardini ornamentali,A
1175,Formazioni boschive,C4,C4,7810.09108352661,1175,Formazioni boschive: Macchia; Gariga; Prateria,C
1176,Formazioni boschive,C1,C1,7220.0427286739,1176,Formazioni boschive: Macchia; Gariga; Prateria,C
1178,Formazioni boschive,C1,C1,1701.44444922692,1178,Formazioni boschive: Macchia; Gariga; Prateria,C
1179,Formazioni boschive,C1,C1,22815.1356229633,1179,Formazioni boschive: Macchia; Gariga; Prateria,C
1181,Formazioni boschive,C1,C1,3273.01623481885,1181,Formazioni boschive: Macchia; Gariga; Prateria,C
1186,Formazioni boschive,C1,C1,3299.61102396675,1186,Formazioni boschive: Macchia; Gariga; Prateria,C
1187,Aree agricole,B2,B2,42929.8851860629,1187,Aree agricole,B
1191,Impianti sportivi,F,F,45336.6263137748,1191,Campi Malvagno e aree per attività sportive,F
1195,Giardini ornamentali,B1,B1,3223.23890237045,1195,Giardini ornamentali,B
1196,Giardini ornamentali,A4,A4,157271.984531463,1196,Giardini ornamentali,A
1197,Formazioni boschive,C2,C2,50321.4097033301,1197,Formazioni boschive: Macchia; Gariga; Prateria,C
1198,Formazioni boschive,C1,C1,4098.21371473344,1198,Formazioni boschive: Macchia; Gariga; Prateria,C
1199,Formazioni boschive,C1,C1,1803.52880168706,1199,Formazioni boschive: Macchia; Gariga; Prateria,C
1200,Formazioni boschive,C4,C4,16589.7158407606,1200,Formazioni boschive: Macchia; Gariga; Prateria,C
1202,Formazioni boschive,C1,C1,2671.05352190137,1202,Formazioni boschive: Macchia; Gariga; Prateria,C
1205,Formazioni boschive,C1,C1,4225.78505432606,1205,Formazioni boschive: Macchia; Gariga; Prateria,C
1207,Formazioni boschive,C1,C1,650.557099737227,1207,Formazioni boschive: Macchia; Gariga; Prateria,C
1208,Formazioni boschive,C1,C1,11287.8669982241,1208,Formazioni boschive: Macchia; Gariga; Prateria,C
1210,Formazioni boschive,C1,C1,3565.22507790476,1210,Formazioni boschive: Macchia; Gariga; Prateria,C
1211,Formazioni boschive,C1,C1,3.66091991961002,1211,Formazioni boschive: Macchia; Gariga; Prateria,C
1212,Formazioni boschive,C1,C1,3496.51308011264,1212,Formazioni boschive: Macchia; Gariga; Prateria,C
1213,Formazioni boschive,C1,C1,8299.98740603589,1213,Formazioni boschive: Macchia; Gariga; Prateria,C
1214,Formazioni boschive,C1,C1,1153.62290741033,1214,Formazioni boschive: Macchia; Gariga; Prateria,C
1215,Formazioni boschive,C1,C1,1021.35560248978,1215,Formazioni boschive: Macchia; Gariga; Prateria,C
1216,Formazioni boschive,C1,C1,2077.43772129714,1216,Formazioni boschive: Macchia; Gariga; Prateria,C
1217,Parco multifunzionale,PM3,PM3,46468.9548744839,1217,Parco nel Parco ex area Nomadi e aree adiacenti,PM
1218,Parco multifunzionale,PM1,PM1,2982.66927330196,1218,Parco nel Parco ex area Nomadi e aree adiacenti,PM
1224,Formazioni boschive,C1,C1,1094.89022044837,1224,Formazioni boschive: Macchia; Gariga; Prateria,C
1225,Formazioni boschive,C1,C1,869.685984221287,1225,Formazioni boschive: Macchia; Gariga; Prateria,C
1226,Formazioni boschive,C1,C1,1011.01448134679,1226,Formazioni boschive: Macchia; Gariga; Prateria,C
1227,Formazioni boschive,C1,C1,17235.2285068631,1227,Formazioni boschive: Macchia; Gariga; Prateria,C
1229,Parco multifunzionale,PM2,PM2,45879.1197991372,1229,Parco nel Parco ex area Nomadi e aree adiacenti,PM
1230,Formazioni boschive,C3,C3,162593.295068909,1230,Formazioni boschive: Macchia; Gariga; Prateria,C
1232,Formazioni boschive,C1,C1,33595.3120074149,1232,Formazioni boschive: Macchia; Gariga; Prateria,C
1233,Formazioni boschive,C4,C4,883.063827894628,1233,Formazioni boschive: Macchia; Gariga; Prateria,C
1235,Formazioni boschive,C1,C1,1356.70589563996,1235,Formazioni boschive: Macchia; Gariga; Prateria,C
1236,Parco multifunzionale,PM3,PM3,16252.2590738386,1236,Parco nel Parco ex area Nomadi e aree adiacenti,PM
1237,Formazioni boschive,C1,C1,15740.8832090199,1237,Formazioni boschive: Macchia; Gariga; Prateria,C
1238,Impianti sportivi,F,F,48460.1611128822,1238,Campi Malvagno e aree per attività sportive,F
1239,Formazioni boschive,C4,C4,5301.24516779184,1239,Formazioni boschive: Macchia; Gariga; Prateria,C
1240,Aree agricole,B3,B3,1662.88752352656,1240,Aree agricole,B
1245,Formazioni boschive,C4,C4,28488.7083892138,1245,Formazioni boschive: Macchia; Gariga; Prateria,C
1246,Formazioni boschive,C1,C1,234028.396686812,1246,Formazioni boschive: Macchia; Gariga; Prateria,C
1247,Edifici da riconvertire,,E2,38.678280685097,1247,Costruito,E
1248,Edifici da riconvertire,,E2,182.957434652606,1248,Costruito,E
1249,Edifici da riconvertire,,E2,217.513048727065,1249,Costruito,E
1250,Edifici da riconvertire,,E2,531.201138533652,1250,Costruito,E
1251,Edifici da riconvertire,,E2,264.967795512639,1251,Costruito,E
1252,Edifici storici,,E1,1.25240865815431,1252,Costruito,E
1253,Edifici archeologia militare,,E4,45.9869393538684,1253,Costruito,E
1254,Edifici archeologia militare,,E4,163.192073181272,1254,Costruito,E
1255,Edifici archeologia militare,,E4,43.3625498134643,1255,Costruito,E
1256,Edifici archeologia militare,,E4,108.749285010505,1256,Costruito,E
1257,Edifici archeologia militare,,E4,40.9319225102663,1257,Costruito,E
1258,Edifici archeologia militare,,E4,149.328963205218,1258,Costruito,E
1259,Edifici archeologia militare,,E4,441.563202766702,1259,Costruito,E
1260,Edifici archeologia militare,,E4,41.2422375287861,1260,Costruito,E
1261,Edifici archeologia militare,,E4,50.0438752584159,1261,Costruito,E
1262,Edifici archeologia militare,,E4,71.2934428676963,1262,Costruito,E
1263,Edifici da riconvertire,,E2,51.4872190933675,1263,Costruito,E
1264,Edifici archeologia militare,,E4,30.8103464217857,1264,Costruito,E
1265,Edifici archeologia militare,,E4,176.860410012305,1265,Costruito,E
1266,Edifici archeologia militare,,E4,81.4371161330491,1266,Costruito,E
1267,Edifici archeologia militare,,E4,22.8064816909609,1267,Costruito,E
1268,Edifici archeologia militare,,E4,384.813587592915,1268,Costruito,E
1269,Edifici archeologia militare,,E4,492.529271767242,1269,Costruito,E
1270,Edifici archeologia militare,,E4,492.518326557009,1270,Costruito,E
1271,Edifici archeologia militare,,E4,492.559027725481,1271,Costruito,E
1272,Edifici archeologia militare,,E4,492.498387742264,1272,Costruito,E
1273,Edifici archeologia militare,,E4,492.497862680815,1273,Costruito,E
1274,Edifici archeologia militare,,E4,492.477539837069,1274,Costruito,E
1275,Edifici archeologia militare,,E4,492.487598057836,1275,Costruito,E
1276,Edifici archeologia militare,,E4,492.469324277481,1276,Costruito,E
1277,Edifici archeologia militare,,E4,492.459416871541,1277,Costruito,E
1278,Edifici archeologia militare,,E4,492.541434618703,1278,Costruito,E
1279,Edifici archeologia militare,,E4,492.551567138871,1279,Costruito,E
1280,Edifici archeologia militare,,E4,492.563372910838,1280,Costruito,E
1283,Formazioni boschive,C3,C3,25457.3746459092,1283,Formazioni boschive: Macchia; Gariga; Prateria,C
1284,Formazioni boschive,C1,C1,2737.35664439201,1284,Formazioni boschive: Macchia; Gariga; Prateria,C
1285,Formazioni boschive,C3,C3,13232.1724419094,1285,Formazioni boschive: Macchia; Gariga; Prateria,C
1286,Giardini ornamentali,A2,A2,33087.1676182697,1286,Giardini ornamentali,A
1287,Formazioni boschive,C1,C1,5065.41006047186,1287,Formazioni boschive: Macchia; Gariga; Prateria,C
1292,D viali setieri e percorsi,D,D,2231.74999489088,1292,"Viali, sentieri e percorsi",D
1294,D viali setieri e percorsi,D,D,215282.573281541,1294,"Viali, sentieri e percorsi",D
1295,D viali setieri e percorsi,D,D,2029.4514415469,1295,"Viali, sentieri e percorsi",D
1297,D viali setieri e percorsi,D,D,215282.573281541,1297,"Viali, sentieri e percorsi",D
